experiment,r,lam,chi,psi,eta,P_star,ownership_rate,lock_in_index,PTI,avg_utility
rate_shock,0.05,0.1,0.1,0.36,0.0,299961.2998344377,0.5134,0.8089999999999999,4.951593135531316,-4.866875120962057e-05
